,Test,Noise,N,SNR,AISE FFT,AISE MCMC,AISE Nested,MISE FFT,MISE MCMC,MISE Nested
0,0,Normal,100,10,0.6492250900420358,0.779026668348346,0.7779103780333769,0.13527069492476648,0.06454199330477416,0.06537528113238462
1,0,Skew normal,100,10,0.6492250900420359,0.9743853350883175,0.9644712258721748,0.11047529331784017,0.0009268593440709144,0.0015503524516882348
2,0,Bimodal sym,100,10,0.6492250900420359,0.9665837912203679,0.9710194961642014,0.110333545441377,0.0012844969424733574,0.0010312393594624953
3,1,Normal,100,10,0.6492250900420355,0.860719707300846,0.8556620709989264,0.11247524666074105,0.024341732033334118,0.02612042431297347
4,1,Skew normal,100,10,0.6492250900420358,0.7835633396820579,0.7843898904919204,0.11579101078600768,0.0570321984575763,0.05646331659209883
5,1,Bimodal sym,100,10,0.6492250900420358,0.9368983762077485,0.9421142104502646,0.1057809435040668,0.004338419022618632,0.003655435859264112
6,2,Normal,100,10,0.6492250854700623,,,0.09005935236988527,,
7,2,Skew normal,100,10,0.6492151933120868,0.8814194741997702,0.8817341781875138,0.0936502242127652,0.01219075713358967,0.011852899428840184
8,2,Bimodal sym,100,10,0.6492244974733712,,,0.11525112058208882,,
